```xml
<QueryIntegrations xmlns:d2p1="http://schemas.datacontract.org/2004/07/IntApp.Wilco.Model.Integrations">
  <d2p1:QueryIntegration>
    <Id xmlns="http://schemas.datacontract.org/2004/07/IntApp.Wilco.Model">1180</Id>
    <SchemaVersion xmlns="http://schemas.datacontract.org/2004/07/IntApp.Wilco.Model">3700</SchemaVersion>
    <d2p1:Active>true</d2p1:Active>
    <d2p1:DatasourceId>2</d2p1:DatasourceId>
    <d2p1:Draft>false</d2p1:Draft>
    <d2p1:IgnoreClientMatterSecurity>false</d2p1:IgnoreClientMatterSecurity>
    <d2p1:IsIntegrationTypeUserSelected>false</d2p1:IsIntegrationTypeUserSelected>
    <d2p1:Name>Dataset_03</d2p1:Name>
    <d2p1:QueryBuilder i:type="d2p1:OpenLinkQueryBuilder">
      <d2p1:DataSetSettings xmlns:d5p1="http://schemas.datacontract.org/2004/07/IntApp.Wilco.Model.DataSets" i:type="d5p1:DataSetSettings">
        <d5p1:AdvancedExpression i:nil="true" />
        <d5p1:AggregationFunction xmlns:d6p1="http://schemas.datacontract.org/2004/07/IntApp.Wilco.Model.DataSets.AggregationFunctions" i:nil="true" />
        <d5p1:CollectionType>All</d5p1:CollectionType>
        <d5p1:ComputedFieldFlags xmlns:d6p1="http://schemas.microsoft.com/2003/10/Serialization/Arrays" i:nil="true" />
        <d5p1:DataSourceId i:nil="true" />
        <d5p1:ExternalParameters xmlns:d6p1="http://schemas.datacontract.org/2004/07/IntApp.Wilco.Model.DataSets.ExternalParameters" />
        <d5p1:FieldColumnTitles xmlns:d6p1="http://schemas.microsoft.com/2003/10/Serialization/Arrays" i:nil="true" />
        <d5p1:FieldNames xmlns:d6p1="http://schemas.microsoft.com/2003/10/Serialization/Arrays" />
        <d5p1:OperationId>Date_Time_Zone_spike</d5p1:OperationId>
        <d5p1:ParameterExpressions />
        <d5p1:ReturnDistinctRows>false</d5p1:ReturnDistinctRows>
      </d2p1:DataSetSettings>
      <d2p1:DslQuerySettings xmlns:d5p1="http://schemas.datacontract.org/2004/07/IntApp.Wilco.Model.DataSets.DSL.QuerySettings">
        <d5p1:AggregationFunction xmlns:d6p1="http://schemas.datacontract.org/2004/07/IntApp.Wilco.Model.DataSets.AggregationFunctions" i:nil="true" />
        <d5p1:ComplexSourceQuestion xmlns:d6p1="http://schemas.datacontract.org/2004/07/IntApp.Wilco.Model.DataSets.DSL.QuerySettings.FormAnswers" i:nil="true" />
        <d5p1:Conditions xmlns:d6p1="http://schemas.datacontract.org/2004/07/IntApp.Wilco.Model.DataSets.DSL.QuerySettings.Conditions">
          <d6p1:AdvancedExpression i:nil="true" />
          <d6p1:CollectionType>All</d6p1:CollectionType>
          <d6p1:Conditions>
            <d6p1:DataSetFilterCondition z:Id="i1" xmlns:z="http://schemas.microsoft.com/2003/10/Serialization/">
              <d6p1:Left z:Id="i2" i:type="d5p1:EncodedSystemTableField">
                <d5p1:Value>#:#system#:#Requests#:#Requests#:#Name#:#</d5p1:Value>
              </d6p1:Left>
              <d6p1:Operator>NotContains</d6p1:Operator>
              <d6p1:Right z:Id="i3" i:type="d6p1:ParameterOperand">
                <d6p1:DefaultValue xmlns:d10p1="http://www.w3.org/2001/XMLSchema" i:type="d10p1:string">name</d6p1:DefaultValue>
                <d6p1:External>false</d6p1:External>
                <d6p1:Name>p0</d6p1:Name>
                <d6p1:ValueType>String</d6p1:ValueType>
              </d6p1:Right>
              <d6p1:OrdinalIdx>1</d6p1:OrdinalIdx>
            </d6p1:DataSetFilterCondition>
            <d6p1:DataSetFilterCondition z:Id="i4" xmlns:z="http://schemas.microsoft.com/2003/10/Serialization/">
              <d6p1:Left z:Id="i5" i:type="d5p1:EncodedSystemTableField">
                <d5p1:Value>#:#system#:#Requests#:#Requests#:#Deleted#:#</d5p1:Value>
              </d6p1:Left>
              <d6p1:Operator>Equals</d6p1:Operator>
              <d6p1:Right z:Id="i6" i:type="d6p1:LiteralOperand">
                <d6p1:Value>0</d6p1:Value>
                <d6p1:ValueType>Integer</d6p1:ValueType>
              </d6p1:Right>
              <d6p1:OrdinalIdx>2</d6p1:OrdinalIdx>
            </d6p1:DataSetFilterCondition>
          </d6p1:Conditions>
        </d5p1:Conditions>
        <d5p1:Description i:nil="true" />
        <d5p1:Distinct>false</d5p1:Distinct>
        <d5p1:EnforceSecurity>true</d5p1:EnforceSecurity>
        <d5p1:ExternalParameters i:nil="true" />
        <d5p1:FormAnswerConditions xmlns:d6p1="http://schemas.datacontract.org/2004/07/IntApp.Wilco.Model.DataSets.DSL.QuerySettings.Conditions">
          <d6p1:AdvancedExpression i:nil="true" />
          <d6p1:CollectionType>All</d6p1:CollectionType>
          <d6p1:Conditions>
            <d6p1:DataSetFilterCondition z:Id="i7" xmlns:z="http://schemas.microsoft.com/2003/10/Serialization/">
              <d6p1:Left z:Id="i8" i:type="d5p1:EncodedSystemTableField">
                <d5p1:Value>#:#system#:#FormAnswers#:#FormAnswers#:#QuestionName#:#</d5p1:Value>
              </d6p1:Left>
              <d6p1:Operator>Equals</d6p1:Operator>
              <d6p1:Right z:Id="i9" i:type="d6p1:ParameterOperand">
                <d6p1:DefaultValue xmlns:d10p1="http://www.w3.org/2001/XMLSchema" i:type="d10p1:string">Date_Date_Only</d6p1:DefaultValue>
                <d6p1:External>false</d6p1:External>
                <d6p1:Name>question_names0_0</d6p1:Name>
                <d6p1:ValueType>String</d6p1:ValueType>
              </d6p1:Right>
              <d6p1:OrdinalIdx>3</d6p1:OrdinalIdx>
            </d6p1:DataSetFilterCondition>
          </d6p1:Conditions>
        </d5p1:FormAnswerConditions>
        <d5p1:Joined xmlns:d6p1="http://schemas.datacontract.org/2004/07/IntApp.Wilco.Model.DataSets.DSL.QuerySettings.Source">
          <d6p1:JoinedTable>
            <d6p1:JoinCondition xmlns:d8p1="http://schemas.datacontract.org/2004/07/IntApp.Wilco.Model.DataSets.DSL.QuerySettings.Conditions" z:Id="i10" xmlns:z="http://schemas.microsoft.com/2003/10/Serialization/">
              <d8p1:Left z:Id="i11" i:type="d5p1:EncodedSystemTableField">
                <d5p1:Value>#:#system#:#Comments#:#Comments#:#rootcomponent_id#:#</d5p1:Value>
              </d8p1:Left>
              <d8p1:Operator>Equals</d8p1:Operator>
              <d8p1:Right z:Id="i12" i:type="d5p1:EncodedSystemTableField">
                <d5p1:Value>#:#system#:#Requests#:#Requests#:#Component_Id#:#</d5p1:Value>
              </d8p1:Right>
            </d6p1:JoinCondition>
            <d6p1:Table i:type="d6p1:SystemTable">
              <d6p1:Alias>Comments</d6p1:Alias>
              <d6p1:TableId>Comments</d6p1:TableId>
            </d6p1:Table>
          </d6p1:JoinedTable>
          <d6p1:JoinedTable>
            <d6p1:JoinCondition xmlns:d8p1="http://schemas.datacontract.org/2004/07/IntApp.Wilco.Model.DataSets.DSL.QuerySettings.Conditions" z:Id="i13" xmlns:z="http://schemas.microsoft.com/2003/10/Serialization/">
              <d8p1:Left z:Id="i14" i:type="d5p1:EncodedSystemTableField">
                <d5p1:Value>#:#system#:#Activities#:#Activities#:#Component_Id#:#</d5p1:Value>
              </d8p1:Left>
              <d8p1:Operator>Equals</d8p1:Operator>
              <d8p1:Right z:Id="i15" i:type="d5p1:EncodedSystemTableField">
                <d5p1:Value>#:#system#:#Requests#:#Requests#:#Component_Id#:#</d5p1:Value>
              </d8p1:Right>
            </d6p1:JoinCondition>
            <d6p1:Table i:type="d6p1:SystemTable">
              <d6p1:Alias>Activities</d6p1:Alias>
              <d6p1:TableId>Activities</d6p1:TableId>
            </d6p1:Table>
          </d6p1:JoinedTable>
          <d6p1:JoinedTable>
            <d6p1:JoinCondition xmlns:d8p1="http://schemas.datacontract.org/2004/07/IntApp.Wilco.Model.DataSets.DSL.QuerySettings.Conditions" z:Id="i16" xmlns:z="http://schemas.microsoft.com/2003/10/Serialization/">
              <d8p1:Left z:Id="i17" i:type="d5p1:EncodedSystemTableField">
                <d5p1:Value>#:#system#:#FormAnswers#:#FormAnswers#:#Form_Id#:#</d5p1:Value>
              </d8p1:Left>
              <d8p1:Operator>Equals</d8p1:Operator>
              <d8p1:Right z:Id="i18" i:type="d5p1:EncodedSystemTableField">
                <d5p1:Value>#:#system#:#Requests#:#Requests#:#Form_Id#:#</d5p1:Value>
              </d8p1:Right>
            </d6p1:JoinCondition>
            <d6p1:Table i:type="d6p1:SystemTable">
              <d6p1:Alias>FormAnswers</d6p1:Alias>
              <d6p1:TableId>FormAnswers</d6p1:TableId>
            </d6p1:Table>
          </d6p1:JoinedTable>
        </d5p1:Joined>
        <d5p1:QueryLimit>500</d5p1:QueryLimit>
        <d5p1:ReferenceForm xmlns:d6p1="http://schemas.datacontract.org/2004/07/IntApp.Wilco.Model.DataSets.DSL.QuerySettings.FormAnswers" i:nil="true" />
        <d5p1:RuntimeParameters i:nil="true" />
        <d5p1:SelectFields>
          <d5p1:SelectExpression>
            <d5p1:ColumnName>Request Id (Requests)</d5p1:ColumnName>
            <d5p1:Expression>[#:#system#:#Requests#:#Requests#:#Id#:#]</d5p1:Expression>
          </d5p1:SelectExpression>
          <d5p1:SelectExpression>
            <d5p1:ColumnName>Request Name (Requests)</d5p1:ColumnName>
            <d5p1:Expression>[#:#system#:#Requests#:#Requests#:#Name#:#]</d5p1:Expression>
          </d5p1:SelectExpression>
          <d5p1:SelectExpression>
            <d5p1:ColumnName>Client Name (Requests)</d5p1:ColumnName>
            <d5p1:Expression>[#:#system#:#Requests#:#Requests#:#ClientName#:#]</d5p1:Expression>
          </d5p1:SelectExpression>
          <d5p1:SelectExpression>
            <d5p1:ColumnName>Matter Name (Requests)</d5p1:ColumnName>
            <d5p1:Expression>[#:#system#:#Requests#:#Requests#:#MatterName#:#]</d5p1:Expression>
          </d5p1:SelectExpression>
          <d5p1:SelectExpression>
            <d5p1:ColumnName>Question Id (Form Answers)</d5p1:ColumnName>
            <d5p1:Expression>[#:#system#:#FormAnswers#:#FormAnswers#:#QuestionId#:#]</d5p1:Expression>
          </d5p1:SelectExpression>
          <d5p1:SelectExpression>
            <d5p1:ColumnName>Form Id (Form Answers)</d5p1:ColumnName>
            <d5p1:Expression>[#:#system#:#FormAnswers#:#FormAnswers#:#Form_Id#:#]</d5p1:Expression>
          </d5p1:SelectExpression>
          <d5p1:SelectExpression>
            <d5p1:ColumnName>Answer Value (Form Answers)</d5p1:ColumnName>
            <d5p1:Expression>[#:#system#:#FormAnswers#:#FormAnswers#:#AnswerValue#:#]</d5p1:Expression>
          </d5p1:SelectExpression>
          <d5p1:SelectExpression>
            <d5p1:ColumnName>Answer Display Value (Form Answers)</d5p1:ColumnName>
            <d5p1:Expression>[#:#system#:#FormAnswers#:#FormAnswers#:#AnswerDisplayValue#:#]</d5p1:Expression>
          </d5p1:SelectExpression>
          <d5p1:SelectExpression>
            <d5p1:ColumnName>Question Name (Form Answers)</d5p1:ColumnName>
            <d5p1:Expression>[#:#system#:#FormAnswers#:#FormAnswers#:#QuestionName#:#]</d5p1:Expression>
          </d5p1:SelectExpression>
          <d5p1:SelectExpression>
            <d5p1:ColumnName>Key Value Answers (Form Answers)</d5p1:ColumnName>
            <d5p1:Expression>[#:#system#:#FormAnswers#:#FormAnswers#:#KeyValueAnswers#:#]</d5p1:Expression>
          </d5p1:SelectExpression>
        </d5p1:SelectFields>
        <d5p1:SortFields i:nil="true" />
        <d5p1:Source xmlns:d6p1="http://schemas.datacontract.org/2004/07/IntApp.Wilco.Model.DataSets.DSL.QuerySettings.Source" i:type="d6p1:SystemTable">
          <d6p1:Alias>Requests</d6p1:Alias>
          <d6p1:TableId>Requests</d6p1:TableId>
        </d5p1:Source>
      </d2p1:DslQuerySettings>
      <d2p1:RunAsDSLQuery>true</d2p1:RunAsDSLQuery>
    </d2p1:QueryBuilder>
    <d2p1:QueryIntegrationObjectType>None</d2p1:QueryIntegrationObjectType>
    <d2p1:QueryIntegrationType>Datatable</d2p1:QueryIntegrationType>
    <d2p1:useDeletedFlagForParties>true</d2p1:useDeletedFlagForParties>
  </d2p1:QueryIntegration>
</QueryIntegrations>
```